{
  "cities": [
    {
      "city": "Kortrijk",
      "maps": {
        "lat": 50.830828,
        "lng": 3.264135,
        "zm": 15
      },
      "routes": [
        {
          "id": 0,
          "namenl": "Talent Route",
          "namefr": "Trajet des talents",
          "nameen": "Talent route",
          "descnl": "Trek op pad door de stad en ontdek de talenten van nu en vroeger diede stad verwonderen",
          "descfr": "Promenez-vous dans la ville et découvrez les talents d'aujourd'hui et du passé qui émerveillent la ville",
          "descen": "Take a walk through the city and discover the talents of today and the past that amaze the city",
          "img": "./assets/img/yellow.png",
          "stepsImg": "./assets/img/yellowsteps.png",
          "wpImg": "./assets/img/yar.png",
          "timeImg": "./assets/img/yecr.png",
          "route": "https://route.ls.hereapi.com/routing/7.2/calculateroute.json?apiKey=Lz01CfR2n3Qlau9MOxk3DhAmSGBXTxA-fTXfEc2u9Nw&waypoint0=geo!50.830797,3.264610&waypoint1=geo!50.829829,3.266776&waypoint2=geo!50.828895,3.263501&mode=fastest;pedestrian;",
          "color1": "#FFBA00",
          "color2": "#FFD35C",
          "waypoints": [
            {
              "id": 0,
              "globalId": 0,
              "name": "Blablabla",
              "description": "De Mythe van Kortrijk waarbij ...",
              "geolocation": {
                "lat": 50.830797,
                "lng": 3.26461
              },
              "visited": "no"
            },
            {
              "id": 1,
              "globalId": 1,
              "name": "Nanother",
              "description": "This is Nanother",
              "geolocation": {
                "lat": 50.829829,
                "lng": 3.266776
              },
              "visited": "no"
            },
            {
              "id": 2,
              "globalId": 2,
              "name": "Nanderen",
              "description": "This is Nanderen",
              "geolocation": {
                "lat": 50.828895,
                "lng": 3.263501
              },
              "visited": "no"
            }
          ],
          "time": "30min",
          "distance": "2km"
        },
        {
          "id": 1,
          "namenl": "Sporen Route",
          "namefr": "Trajet des trace",
          "nameen": "Track route",
          "descnl": "Ontdek de wondere sporen nagelaten door koningen, legendes en natuurlijk ook de treinen in de stad.",
          "descfr": "Découvrez les merveilleuses traces laissées par les rois, les légendes et bien sûr aussi les trains de la ville.",
          "descen": "Discover the tracks left by kings, urban legends and of course the trains in the city",
          "img": "./assets/img/green.png",
          "stepsImg": "./assets/img/greensteps.png",
          "wpImg": "./assets/img/grar.png",
          "timeImg": "./assets/img/grc.png",
          "route": "https://route.ls.hereapi.com/routing/7.2/calculateroute.json?apiKey=Lz01CfR2n3Qlau9MOxk3DhAmSGBXTxA-fTXfEc2u9Nw&waypoint0=geo!50.827667,3.265455&waypoint1=geo!50.830236,3.26461&waypoint2=geo!50.828895,3.263501&mode=fastest;pedestrian;",
          "color1": "#7BC88F",
          "color2": "#9AD7AA",
          "waypoints": [
            {
              "id": 0,
              "globalId": 3,
              "name": "BlablablaZDQSQDS",
              "description": "This is Kalle en manten",
              "geolocation": {
                "lat": 50.827667,
                "lng": 3.265455
              },
              "visited": "no"
            },
            {
              "id": 1,
              "globalId": 4,
              "name": "Vlas",
              "description": "This is Nanother",
              "geolocation": {
                "lat": 50.830236,
                "lng": 3.25619
              },
              "visited": "no"
            },
            {
              "id": 2,
              "globalId": 5,
              "name": "Nanderen",
              "description": "This is Nanderen",
              "geolocation": {
                "lat": 50.828895,
                "lng": 3.263501
              },
              "visited": "no"
            }
          ],
          "time": "30min",
          "distance": "2km"
        },
        {
          "id": 2,
          "namenl": "Toekomst Route",
          "namefr": "Trajet des futures",
          "nameen": "Future route",
          "descnl": "Leer de scheppers van de toekomst kennen: van keizers tot helden en visies van morgen!",
          "descfr": "Apprenez à connaître les créateurs du futur: des empereurs aux héros et aux visions de demain!",
          "descen": "Get to know the lords of the future: from emperors to heros and visions for tomorrow",
          "img": "./assets/img/red.png",
          "stepsImg": "./assets/img/redsteps.png",
          "wpImg": "./assets/img/redar.png",
          "timeImg": "./assets/img/redc.png",
          "route": "https://route.ls.hereapi.com/routing/7.2/calculateroute.json?apiKey=Lz01CfR2n3Qlau9MOxk3DhAmSGBXTxA-fTXfEc2u9Nw&waypoint0=geo!50.830797,3.264610&waypoint1=geo!50.829829,3.266776&waypoint2=geo!50.828895,3.263501&mode=fastest;pedestrian;",
          "color1": "#FF0031",
          "color2": "#FF5172",
          "waypoints": [
            {
              "id": 0,
              "globalId": 6,
              "name": "Kalle en manten",
              "description": "This is Blabla",
              "geolocation": {
                "lat": 50.830236,
                "lng": 3.25619
              },
              "visited": "no"
            },
            {
              "id": 1,
              "globalId": 7,
              "name": "Nanother",
              "description": "This is Nanother",
              "geolocation": {
                "lat": 50.829829,
                "lng": 3.266776
              },
              "visited": "no"
            },
            {
              "id": 2,
              "globalId": 8,
              "name": "Nanderen",
              "description": "This is Nanderen",
              "geolocation": {
                "lat": 50.828895,
                "lng": 3.263501
              },
              "visited": "no"
            }
          ],
          "time": "130min",
          "distance": "12km"
        }
      ]
    },
    {
      "city": "Lille",
      "maps": {
        "lat": 50.830828,
        "lng": 3.264135,
        "zm": 15
      },
      "routes": [
        {
          "id": 3,
          "namenl": "Talent Route",
          "namefr": "Trajet des talents",
          "nameen": "Talent Route",
          "desc": "Trek op pad door de stad en ontdek de talenten van nu en vroeger diede stad verwonderen",
          "img": "./assets/img/yellow.png",
          "stepsImg": "./assets/img/yellowsteps.png",
          "wpImg": "./assets/img/yar.png",
          "timeImg": "./assets/img/yecr.png",
          "route": "https://route.ls.hereapi.com/routing/7.2/calculateroute.json?apiKey=Lz01CfR2n3Qlau9MOxk3DhAmSGBXTxA-fTXfEc2u9Nw&waypoint0=geo!50.830797,3.264610&waypoint1=geo!50.829829,3.266776&waypoint2=geo!50.828895,3.263501&mode=fastest;pedestrian;",
          "color1": "#FFBA00",
          "color2": "#FFD35C",
          "waypoints": [
            {
              "id": 0,
              "globalId": 9,
              "name": "LILLE",
              "description": "This is Blabla",
              "geolocation": {
                "lat": 50.830797,
                "lng": 3.26461
              },
              "visited": "no"
            },
            {
              "id": 1,
              "globalId": 10,
              "name": "LILLE2",
              "description": "This is Nanother",
              "geolocation": {
                "lat": 50.829829,
                "lng": 3.266776
              },
              "visited": "no"
            },
            {
              "id": 2,
              "globalId": 11,
              "name": "LILL3",
              "description": "This is Nanderen",
              "geolocation": {
                "lat": 50.828895,
                "lng": 3.263501
              },
              "visited": "no"
            }
          ],
          "time": "30min",
          "distance": "2km"
        }
      ]
    }
  ]
}
